{
    "cv_mean_score": 0.390027081772049,
    "cv_std_score": 0.08594983792002082,
    "cv_scores_per_fold": [
        0.44933396320617086,
        0.39374766655175564,
        0.24889556071833346,
        0.468131136611936
    ]
}