{
    "cv_mean_score": 0.3656230296333795,
    "cv_std_score": 0.04113370704361608,
    "cv_scores_per_fold": [
        0.4313534568108878,
        0.35272089671557655,
        0.3602512088083669,
        0.31816655619868667
    ]
}