{
    "cv_mean_score": 0.3999149574835584,
    "cv_std_score": 0.05386349085025075,
    "cv_scores_per_fold": [
        0.44336666328091273,
        0.3665772149545445,
        0.3294572853095595,
        0.4602586663892167
    ]
}