{
    "cv_mean_score": 0.1368502279645916,
    "cv_std_score": 0.23703154786205582,
    "cv_scores_per_fold": [
        0.0,
        0.0,
        0.5474009118583664,
        0.0
    ]
}