{
    "cv_mean_score": 0.34436845422529044,
    "cv_std_score": 0.05230429166211338,
    "cv_scores_per_fold": [
        0.38331121860822953,
        0.2702215611317363,
        0.32129503632929046,
        0.40264600083190544
    ]
}