{
    "cv_mean_score": 0.33059467738839,
    "cv_std_score": 0.05924497796878111,
    "cv_scores_per_fold": [
        0.40677559051104484,
        0.3700096180496298,
        0.2736911442970508,
        0.2719023566958346
    ]
}