{
    "cv_mean_score": 0.4828757498007481,
    "cv_std_score": 0.060456493859697896,
    "cv_scores_per_fold": [
        0.4828128575807117,
        0.4981930693235896,
        0.5597144393004583,
        0.3907826329982328
    ]
}