{
    "cv_mean_score": 0.4766649547794791,
    "cv_std_score": 0.05225164848128222,
    "cv_scores_per_fold": [
        0.4651430498909783,
        0.4709457143099142,
        0.5581101336215685,
        0.41246092129545536
    ]
}