{
    "cv_mean_score": 0.4584059648437626,
    "cv_std_score": 0.06221074191261575,
    "cv_scores_per_fold": [
        0.46986875884609197,
        0.4830112013890532,
        0.5243166960157272,
        0.35642720312417797
    ]
}