{
    "cv_mean_score": 0.3299110907356639,
    "cv_std_score": 0.0696971222540247,
    "cv_scores_per_fold": [
        0.31707411247560435,
        0.2358773002333371,
        0.3348030253684439,
        0.43188992486527017
    ]
}