{
    "cv_mean_score": 0.16409762258254162,
    "cv_std_score": 0.28422541971422405,
    "cv_scores_per_fold": [
        0.0,
        0.0,
        0.6563904903301665,
        0.0
    ]
}