{
    "cv_mean_score": 0.16074792399668675,
    "cv_std_score": 0.27842357157348174,
    "cv_scores_per_fold": [
        0.0,
        0.0,
        0.642991695986747,
        0.0
    ]
}