{
    "cv_mean_score": 0.3336824348788283,
    "cv_std_score": 0.06110496968944794,
    "cv_scores_per_fold": [
        0.4206218499526525,
        0.3206379257902443,
        0.24942525980412017,
        0.34404470396829645
    ]
}