{
    "cv_mean_score": 0.4636762812592181,
    "cv_std_score": 0.05442961752903917,
    "cv_scores_per_fold": [
        0.473100918431782,
        0.47973379904442415,
        0.5256981467518593,
        0.37617226080880684
    ]
}