{
    "cv_mean_score": 0.3266397399041563,
    "cv_std_score": 0.05726534720904507,
    "cv_scores_per_fold": [
        0.34779627629992865,
        0.2355668844365726,
        0.3305232305574396,
        0.3926725683226844
    ]
}