{
    "cv_mean_score": 0.3253040429811042,
    "cv_std_score": 0.051763337406301874,
    "cv_scores_per_fold": [
        0.28973213689720884,
        0.41409078543014366,
        0.30745495956938174,
        0.28993829002768273
    ]
}