{
    "cv_mean_score": 0.457676779850543,
    "cv_std_score": 0.05034722825515911,
    "cv_scores_per_fold": [
        0.4392343552873325,
        0.4743831268609032,
        0.5275326492026332,
        0.3895569880513031
    ]
}