{
    "cv_mean_score": 0.16036188897212664,
    "cv_std_score": 0.2777549392974426,
    "cv_scores_per_fold": [
        0.0,
        0.0,
        0.6414475558885065,
        0.0
    ]
}