{
    "cv_mean_score": 0.3169733362457247,
    "cv_std_score": 0.03764677403252462,
    "cv_scores_per_fold": [
        0.2586777234056869,
        0.3576666159766836,
        0.3106107990454961,
        0.34093820655503243
    ]
}