{
    "cv_mean_score": 0.3840076232810758,
    "cv_std_score": 0.03579464499150338,
    "cv_scores_per_fold": [
        0.4426978829659894,
        0.36635235394026067,
        0.37972028686705467,
        0.34725996935099857
    ]
}