{
    "cv_mean_score": 0.30063578558257215,
    "cv_std_score": 0.058672820199689536,
    "cv_scores_per_fold": [
        0.30665171988408807,
        0.37478468703826395,
        0.310665979999399,
        0.21044075540853766
    ]
}