{
    "cv_mean_score": 0.32016714895318865,
    "cv_std_score": 0.06066900788788208,
    "cv_scores_per_fold": [
        0.2856960665532502,
        0.4102473908367493,
        0.33637404080423616,
        0.2483510976185191
    ]
}