{
    "cv_mean_score": 0.31261556747247676,
    "cv_std_score": 0.03615367449545773,
    "cv_scores_per_fold": [
        0.2539618428442928,
        0.34474065154934375,
        0.3116639126911975,
        0.34009586280507287
    ]
}