{
    "cv_mean_score": 0.45835040932371485,
    "cv_std_score": 0.060690303139792984,
    "cv_scores_per_fold": [
        0.4755177199370003,
        0.4776341135016544,
        0.5219855626285558,
        0.358264241227649
    ]
}