{
    "cv_mean_score": 0.31202588385121827,
    "cv_std_score": 0.03571725073004777,
    "cv_scores_per_fold": [
        0.2539618428442928,
        0.34474065154934375,
        0.3116639126911975,
        0.33773712832003905
    ]
}