{
    "cv_mean_score": 0.3829761170871849,
    "cv_std_score": 0.04207254610033973,
    "cv_scores_per_fold": [
        0.44857648730653515,
        0.34170358452461913,
        0.3905307704927242,
        0.35109362602486116
    ]
}