{
    "cv_mean_score": 0.48058243839773823,
    "cv_std_score": 0.06763824533794989,
    "cv_scores_per_fold": [
        0.4859533304808598,
        0.5111032253876491,
        0.5540019579859853,
        0.37127123973645854
    ]
}