{
    "cv_mean_score": 0.4539492480342687,
    "cv_std_score": 0.05452838370845854,
    "cv_scores_per_fold": [
        0.4527680622743682,
        0.4771939669587151,
        0.517443539357604,
        0.3683914235463876
    ]
}