{
    "cv_mean_score": 0.4549164163381859,
    "cv_std_score": 0.051994106416670474,
    "cv_scores_per_fold": [
        0.46655139535254553,
        0.47658034591834497,
        0.5077451642699728,
        0.3687887598118804
    ]
}