{
    "cv_mean_score": 0.4564162414305817,
    "cv_std_score": 0.06706000642209158,
    "cv_scores_per_fold": [
        0.4666680851394534,
        0.4875908712053065,
        0.5252941416713499,
        0.3461118677062169
    ]
}