{
    "cv_mean_score": 0.4485964614655301,
    "cv_std_score": 0.08919099314846225,
    "cv_scores_per_fold": [
        0.45981146259827566,
        0.48703404335236705,
        0.5441533489785225,
        0.30338699093295535
    ]
}