feature,importance
VSH,0.3894435659448382
GR_Serration,0.27966023514869937
NPHI,0.2511012919422655
Lithology_0,0.07779927302952089
Lithology_4,0.001995633934676034
