{
    "cv_mean_score": 0.48251574467021835,
    "cv_std_score": 0.05686150826166303,
    "cv_scores_per_fold": [
        0.48884885223953056,
        0.5071591743558949,
        0.5438576285834175,
        0.3901973235020304
    ]
}