{
    "cv_mean_score": 0.2537553089389718,
    "cv_std_score": 0.06687973195252302,
    "cv_scores_per_fold": [
        0.2836712265901548,
        0.348843556969273,
        0.18283193098052655,
        0.19967452121593293
    ]
}