{
    "cv_mean_score": 0.15891616343500306,
    "cv_std_score": 0.2752508692133448,
    "cv_scores_per_fold": [
        0.0,
        0.0,
        0.6356646537400122,
        0.0
    ]
}