feature,importance
VSH,0.23522037483073513
RHOB,0.22876726575524958
GR,0.19683138214533455
DT,0.1698467648747306
NPHI,0.16933421239395005
