{
    "cv_mean_score": 0.382644108511588,
    "cv_std_score": 0.0421383395209438,
    "cv_scores_per_fold": [
        0.4403422747187876,
        0.3233434327236565,
        0.39475080622278125,
        0.3721399203811265
    ]
}