{
    "cv_mean_score": 0.3128001881225602,
    "cv_std_score": 0.06126074263583078,
    "cv_scores_per_fold": [
        0.29485474676095796,
        0.2351818915084367,
        0.31531252259610204,
        0.40585159162474427
    ]
}