{
    "cv_mean_score": 0.4761236861315361,
    "cv_std_score": 0.05126426888735181,
    "cv_scores_per_fold": [
        0.4607119858221485,
        0.47747633567347303,
        0.5544761476465239,
        0.4118302753839991
    ]
}