{
    "cv_mean_score": 0.16138110290183835,
    "cv_std_score": 0.2795202696074852,
    "cv_scores_per_fold": [
        0.0,
        0.0,
        0.6455244116073534,
        0.0
    ]
}