{
    "cv_mean_score": 0.3463698240944906,
    "cv_std_score": 0.05531463820525382,
    "cv_scores_per_fold": [
        0.39435828711095855,
        0.277545844135466,
        0.30687693933259863,
        0.406698225798939
    ]
}