{
    "cv_mean_score": 0.31342745649368975,
    "cv_std_score": 0.040753094639893336,
    "cv_scores_per_fold": [
        0.2858958399404002,
        0.38373251312632073,
        0.29576124748391075,
        0.2883202254241274
    ]
}