{
    "cv_mean_score": 0.1576352358526981,
    "cv_std_score": 0.27303223755997613,
    "cv_scores_per_fold": [
        0.0,
        0.0,
        0.6305409434107924,
        0.0
    ]
}