{
    "cv_mean_score": 0.17470769202419648,
    "cv_std_score": 0.3026025990590042,
    "cv_scores_per_fold": [
        0.0,
        0.0,
        0.6988307680967859,
        0.0
    ]
}