feature,importance
VSH,0.1421993873943585
KLOGH,0.13866001227372884
GR,0.11046123832826296
GR_Serration,0.10497179943801052
RHOB,0.10318839500398859
PHIF,0.09957515792901127
DT,0.09273728518060023
NPHI,0.09009853925499157
RelPos,0.05093695438988333
Lithology_3,0.03262825599095032
Lithology_0,0.019340145005844755
Lithology_2,0.007773044477956324
Lithology_4,0.00742978533241281
Lithology_1,0.0
GR_Slope,0.0
