{
    "cv_mean_score": 0.45817597238857266,
    "cv_std_score": 0.05519117894558948,
    "cv_scores_per_fold": [
        0.4685152899282528,
        0.48283430591506105,
        0.5143552041183255,
        0.3669990895926513
    ]
}