{
    "cv_mean_score": 0.1657214543591575,
    "cv_std_score": 0.2870379788542676,
    "cv_scores_per_fold": [
        0.0,
        0.0,
        0.66288581743663,
        0.0
    ]
}