{
    "cv_mean_score": 0.45450744915610863,
    "cv_std_score": 0.08540581531972895,
    "cv_scores_per_fold": [
        0.4670069500732963,
        0.4962066423817031,
        0.5410144480770848,
        0.3138017560923502
    ]
}