{
    "cv_mean_score": 0.4609634735850194,
    "cv_std_score": 0.07000307000494116,
    "cv_scores_per_fold": [
        0.47144002064660034,
        0.4879743504196456,
        0.5372453378245163,
        0.3471941854493153
    ]
}