{
    "cv_mean_score": 0.3305992337548132,
    "cv_std_score": 0.04668929973678188,
    "cv_scores_per_fold": [
        0.3750800869178669,
        0.276419559368465,
        0.29209806271892275,
        0.37879922601399824
    ]
}