{
    "cv_mean_score": 0.36823571416053064,
    "cv_std_score": 0.060643312580266326,
    "cv_scores_per_fold": [
        0.42632673564617096,
        0.36632466320128143,
        0.2703097352921586,
        0.4099817225025115
    ]
}