feature,importance
KLOGH,0.14947235874740877
VSH,0.14862528047718726
GR,0.12634725655136383
RHOB,0.12170731437197643
PHIF,0.11494344202315253
NPHI,0.10706458197793166
DT,0.10043531709165858
RelPos,0.0620269434277729
Lithology_3,0.02708230728162315
Lithology_0,0.025981427555833228
Lithology_4,0.009475238130779497
Lithology_2,0.006838532363312116
Lithology_1,0.0
