{
    "cv_mean_score": 0.4568163001045188,
    "cv_std_score": 0.06705221361945123,
    "cv_scores_per_fold": [
        0.47415514291146854,
        0.4740875711027333,
        0.5311249298008641,
        0.34789755660300925
    ]
}