{
    "cv_mean_score": 0.4544719387884037,
    "cv_std_score": 0.06279513289537535,
    "cv_scores_per_fold": [
        0.45846455362634325,
        0.48816038386852845,
        0.519034440602672,
        0.3522283770560712
    ]
}