{
    "cv_mean_score": 0.388663357745215,
    "cv_std_score": 0.06732219373137033,
    "cv_scores_per_fold": [
        0.4322327421923093,
        0.3199834420771661,
        0.32639008732548386,
        0.4760471593859005
    ]
}