{
    "cv_mean_score": 0.27006419876216986,
    "cv_std_score": 0.06949903727044149,
    "cv_scores_per_fold": [
        0.2958915844628204,
        0.1675233853174276,
        0.2574487758636758,
        0.3593930494047557
    ]
}