{
    "cv_mean_score": 0.1304315967623329,
    "cv_std_score": 0.22591415250469687,
    "cv_scores_per_fold": [
        0.0,
        0.0,
        0.5217263870493316,
        0.0
    ]
}