feature,importance
RHOB,0.3755061054160248
NPHI,0.32307135187874253
DT,0.30142254270523267
