{
    "cv_mean_score": 0.4851127818224702,
    "cv_std_score": 0.07212757433341382,
    "cv_scores_per_fold": [
        0.4918174808800696,
        0.513105719973932,
        0.5661992905327258,
        0.36932863590315335
    ]
}