{
    "cv_mean_score": 0.31664973357325793,
    "cv_std_score": 0.04254932348855485,
    "cv_scores_per_fold": [
        0.2895157107981621,
        0.38893858102154016,
        0.3054821407869731,
        0.28266250168635637
    ]
}