{
    "cv_mean_score": 0.4619959438507519,
    "cv_std_score": 0.06118847885167484,
    "cv_scores_per_fold": [
        0.4761250101778809,
        0.49161544415106895,
        0.5205648265688071,
        0.3596784945052505
    ]
}