{
    "cv_mean_score": 0.15851907021518388,
    "cv_std_score": 0.27456308358127685,
    "cv_scores_per_fold": [
        0.0,
        0.0,
        0.6340762808607355,
        0.0
    ]
}