feature,importance
RHOB,0.23746396389852428
VSH,0.23694961087895625
GR,0.19598458106062092
DT,0.16551451256230446
NPHI,0.16408733159959413
