{
    "cv_mean_score": 0.14105522990537245,
    "cv_std_score": 0.244314824869414,
    "cv_scores_per_fold": [
        0.0,
        0.0,
        0.5642209196214898,
        0.0
    ]
}