{
    "cv_mean_score": 0.31056425376359875,
    "cv_std_score": 0.08372537120433424,
    "cv_scores_per_fold": [
        0.44058202862969426,
        0.23256985357058715,
        0.24154799030760254,
        0.32755714254651097
    ]
}