{
    "cv_mean_score": 0.15919783123489695,
    "cv_std_score": 0.2757387321536171,
    "cv_scores_per_fold": [
        0.0,
        0.0,
        0.6367913249395878,
        0.0
    ]
}