{
    "cv_mean_score": 0.46269741520304397,
    "cv_std_score": 0.06253816862284507,
    "cv_scores_per_fold": [
        0.46596691061815165,
        0.49056470434455457,
        0.5318994926007046,
        0.36235855324876504
    ]
}