{
    "cv_mean_score": 0.484734376632987,
    "cv_std_score": 0.06420138696938398,
    "cv_scores_per_fold": [
        0.4921285182830526,
        0.500634868144399,
        0.5622735316358375,
        0.3839005884686591
    ]
}