{
    "cv_mean_score": 0.3917111043007469,
    "cv_std_score": 0.08228876948629878,
    "cv_scores_per_fold": [
        0.4545936381034843,
        0.28107040763633095,
        0.34576981456931055,
        0.48541055689386176
    ]
}