{
    "cv_mean_score": 0.47706394673889435,
    "cv_std_score": 0.06277710174962822,
    "cv_scores_per_fold": [
        0.4661686111286581,
        0.5093752658080045,
        0.5511256611683554,
        0.38158624885055953
    ]
}