{
    "cv_mean_score": 0.4477154778953677,
    "cv_std_score": 0.06535402348022805,
    "cv_scores_per_fold": [
        0.4711290748474223,
        0.47726891248232367,
        0.5056719950103621,
        0.3367919292413627
    ]
}