{
    "cv_mean_score": 0.4868611070003859,
    "cv_std_score": 0.07428720815391704,
    "cv_scores_per_fold": [
        0.4936129334302353,
        0.4984102391968023,
        0.5819409616195214,
        0.3734802937549847
    ]
}