{
    "cv_mean_score": 0.33941435264258757,
    "cv_std_score": 0.05430229679167047,
    "cv_scores_per_fold": [
        0.37034690211425075,
        0.2843783997491371,
        0.2901525485352728,
        0.41277956017168965
    ]
}