{
    "cv_mean_score": 0.4842596884810016,
    "cv_std_score": 0.10246513568431459,
    "cv_scores_per_fold": [
        0.498268636283005,
        0.5251978811803832,
        0.5957368932525621,
        0.317835343208056
    ]
}