{
    "cv_mean_score": 0.45660179778745824,
    "cv_std_score": 0.10524952980780755,
    "cv_scores_per_fold": [
        0.47519617870174424,
        0.5048796051609437,
        0.5635177816999445,
        0.2828136255872008
    ]
}