{
    "cv_mean_score": 0.35557929523424414,
    "cv_std_score": 0.0459140076990574,
    "cv_scores_per_fold": [
        0.4262056786185494,
        0.3432546880506845,
        0.3546494443729557,
        0.29820736989478697
    ]
}