{
    "cv_mean_score": 0.45216145222862625,
    "cv_std_score": 0.02549412156116733,
    "cv_scores_per_fold": [
        0.4505682573860991,
        0.4425349063527422,
        0.4927116359128534,
        0.42283100926281014
    ]
}