{
    "cv_mean_score": 0.48350215667197316,
    "cv_std_score": 0.06515976126024066,
    "cv_scores_per_fold": [
        0.49136540814388985,
        0.5162687443116001,
        0.5498541455864915,
        0.37652032864591106
    ]
}