{
    "cv_mean_score": 0.36778707785003145,
    "cv_std_score": 0.06630807417101715,
    "cv_scores_per_fold": [
        0.4071215092351202,
        0.4115752184150244,
        0.2531923643546066,
        0.39925921939537456
    ]
}