{
    "cv_mean_score": 0.3761351207519818,
    "cv_std_score": 0.07353507880636874,
    "cv_scores_per_fold": [
        0.43486330011260543,
        0.40453235843078517,
        0.2501745665253313,
        0.4149702579392052
    ]
}