{
    "cv_mean_score": 0.15944053701747907,
    "cv_std_score": 0.2761591109003401,
    "cv_scores_per_fold": [
        0.0,
        0.0,
        0.6377621480699163,
        0.0
    ]
}