feature,importance
VSH,0.13853272197421618
SW,0.12573809229781086
GR,0.1066202966315055
GR_Serration,0.09655307059626103
RT,0.09611742913434718
RHOB,0.09554062684206738
PHIF,0.09288561784180617
NPHI,0.07964483948005335
BaseSharpness,0.06874968720664701
OppositionIndex,0.050857001860023274
RelPos,0.038758532243663206
NTG_Slope,0.010002083891598852
GR_Slope,0.0
