{
    "cv_mean_score": 0.368677598250408,
    "cv_std_score": 0.04462510697949183,
    "cv_scores_per_fold": [
        0.4368637811084289,
        0.32733641066047975,
        0.38022332524446967,
        0.33028687598825385
    ]
}