{
    "cv_mean_score": 0.26681992994711845,
    "cv_std_score": 0.06579154211987776,
    "cv_scores_per_fold": [
        0.2941747151935369,
        0.169028919167763,
        0.2544874850972059,
        0.34958860032996786
    ]
}