feature,importance
RHOB,0.37812804319510573
NPHI,0.317902014355059
DT,0.3039699424498352
