{
    "cv_mean_score": 0.480307616310602,
    "cv_std_score": 0.05348721851824387,
    "cv_scores_per_fold": [
        0.45526040804308743,
        0.5017886192158751,
        0.554022544844811,
        0.4101588931386344
    ]
}