{
    "cv_mean_score": 0.48647006155472927,
    "cv_std_score": 0.061727391598443135,
    "cv_scores_per_fold": [
        0.49125760412665437,
        0.5085018708262694,
        0.5578339767268122,
        0.38828679453918113
    ]
}