{
    "cv_mean_score": 0.34887588488019683,
    "cv_std_score": 0.05843321864702314,
    "cv_scores_per_fold": [
        0.41928334798873673,
        0.3931133691511899,
        0.2822833974372433,
        0.3008234249436175
    ]
}