{
    "cv_mean_score": 0.34035654603816695,
    "cv_std_score": 0.07756475651417674,
    "cv_scores_per_fold": [
        0.3945735059981591,
        0.24803376700123173,
        0.2823505014822389,
        0.4364684096710381
    ]
}