{
    "cv_mean_score": 0.30971736997920657,
    "cv_std_score": 0.03357086824422669,
    "cv_scores_per_fold": [
        0.27602055888006577,
        0.35934039978027166,
        0.3215440356740297,
        0.281964485582459
    ]
}