{
    "cv_mean_score": 0.4830161701534159,
    "cv_std_score": 0.05124003424501458,
    "cv_scores_per_fold": [
        0.48923984637761414,
        0.502660243520921,
        0.5398783211722192,
        0.4002862695429093
    ]
}