{
    "cv_mean_score": 0.38919119521473666,
    "cv_std_score": 0.06927781629166925,
    "cv_scores_per_fold": [
        0.45916315069615843,
        0.39915274046181265,
        0.2750365950581899,
        0.4234122946427856
    ]
}