feature,importance
KLOGH,0.14953744163334992
VSH,0.14875395100347
GR,0.12590434896154423
RHOB,0.12179978540052863
PHIF,0.11509784358015528
NPHI,0.10609993313100455
DT,0.10084485877291702
RelPos,0.0634081621872855
Lithology_3,0.02806557225572905
Lithology_0,0.023467298440896775
Lithology_4,0.009402823814747451
Lithology_2,0.007617980818371716
Lithology_1,0.0
