{
    "cv_mean_score": 0.35468941239671825,
    "cv_std_score": 0.08527814232277137,
    "cv_scores_per_fold": [
        0.4091297434284668,
        0.24969781153322582,
        0.29682436865116335,
        0.4631057259740169
    ]
}