{
    "cv_mean_score": 0.3855374573798934,
    "cv_std_score": 0.04812703824182755,
    "cv_scores_per_fold": [
        0.425229474744504,
        0.34804457993215826,
        0.32839657663311456,
        0.4404791982097969
    ]
}