feature,importance
VSH,0.14559471394239623
KLOGH,0.129738893269028
GR,0.11203435619146956
RHOB,0.10436775658875579
GR_Serration,0.10142655810055146
PHIF,0.0980725292650527
DT,0.09670248483753717
NPHI,0.09208196982308971
RelPos,0.052774450922709736
Lithology_3,0.03387178428360436
Lithology_0,0.018241325632248694
Lithology_2,0.008474140351107756
Lithology_4,0.006619036792448883
Lithology_1,0.0
GR_Slope,0.0
