{
    "cv_mean_score": 0.4696938426002983,
    "cv_std_score": 0.035109201430806876,
    "cv_scores_per_fold": [
        0.458591667581731,
        0.5025505458170053,
        0.500596795802365,
        0.4170363612000918
    ]
}