{
    "cv_mean_score": 0.1588569601799578,
    "cv_std_score": 0.27514832616763285,
    "cv_scores_per_fold": [
        0.0,
        0.0,
        0.6354278407198312,
        0.0
    ]
}