{
    "cv_mean_score": 0.26480873806578337,
    "cv_std_score": 0.05173687425241868,
    "cv_scores_per_fold": [
        0.2767857176460173,
        0.21671145759092664,
        0.22123414939487948,
        0.34450362763131004
    ]
}