{
    "cv_mean_score": 0.1566936873328148,
    "cv_std_score": 0.27140142768574704,
    "cv_scores_per_fold": [
        0.0,
        0.0,
        0.6267747493312592,
        0.0
    ]
}