{
    "cv_mean_score": 0.37332658510355154,
    "cv_std_score": 0.0750300482146965,
    "cv_scores_per_fold": [
        0.4383760969610733,
        0.2745565695528178,
        0.3270895256328648,
        0.4532841482674503
    ]
}