{
    "cv_mean_score": 0.14892716485742125,
    "cv_std_score": 0.2579494161602398,
    "cv_scores_per_fold": [
        0.0,
        0.0,
        0.595708659429685,
        0.0
    ]
}