{
    "cv_mean_score": 0.4730488367414715,
    "cv_std_score": 0.07752359887328962,
    "cv_scores_per_fold": [
        0.49320810401086057,
        0.5133026568709019,
        0.543311185921119,
        0.3423734001630046
    ]
}