{
    "cv_mean_score": 0.4744015167838334,
    "cv_std_score": 0.06201735136751198,
    "cv_scores_per_fold": [
        0.4945236339006517,
        0.5042932719588045,
        0.5295054324217411,
        0.3692837288541364
    ]
}