{
    "cv_mean_score": 0.16593097176584679,
    "cv_std_score": 0.2874008736477235,
    "cv_scores_per_fold": [
        0.0,
        0.0,
        0.6637238870633871,
        0.0
    ]
}