feature,importance
KLOGH,0.15352941587857474
VSH,0.14651411915721096
GR,0.12455774861849925
RHOB,0.12018235694703933
PHIF,0.11245116018720416
DT,0.1053333939365737
NPHI,0.1040281841341576
RelPos,0.06434265133345186
Lithology_3,0.027782993251854488
Lithology_0,0.02582567113951132
Lithology_4,0.008090281033824418
Lithology_2,0.007362024382098128
Lithology_1,0.0
