{
    "cv_mean_score": 0.4598348298413557,
    "cv_std_score": 0.062793355136076,
    "cv_scores_per_fold": [
        0.46211511636669145,
        0.4954822337641465,
        0.5238674599416844,
        0.35787450929290066
    ]
}