{
    "cv_mean_score": 0.1562411224075265,
    "cv_std_score": 0.270617562241424,
    "cv_scores_per_fold": [
        0.0,
        0.0,
        0.624964489630106,
        0.0
    ]
}