feature,importance
RHOB,0.24363659509666102
VSH,0.2369071605427783
GR,0.19476392159507996
NPHI,0.17943173770331933
DT,0.14526058506216127
