{
    "cv_mean_score": 0.47400035251150324,
    "cv_std_score": 0.08723018371978883,
    "cv_scores_per_fold": [
        0.4798148070768541,
        0.5101159739137319,
        0.571819169029635,
        0.33425146002579204
    ]
}