{
    "cv_mean_score": 0.30935625783551085,
    "cv_std_score": 0.05043846513769607,
    "cv_scores_per_fold": [
        0.30093075604924646,
        0.3790323142102417,
        0.31980772536608076,
        0.23765423571647465
    ]
}