{
    "cv_mean_score": 0.1632683244544353,
    "cv_std_score": 0.2827890332217221,
    "cv_scores_per_fold": [
        0.0,
        0.0,
        0.6530732978177411,
        0.0
    ]
}