feature,importance
VSH,0.15494382852427735
KLOGH,0.1547421000941489
GR,0.14085870742611764
PHIF,0.12824754908536648
RHOB,0.12408437562141345
NPHI,0.11649569454275208
DT,0.11025808621745573
Lithology_3,0.03143449955531909
Lithology_0,0.021635816329002716
Lithology_4,0.009085715831205512
Lithology_2,0.008213626772941263
Lithology_1,0.0
