{
    "cv_mean_score": 0.14027424114297687,
    "cv_std_score": 0.24296211265280454,
    "cv_scores_per_fold": [
        0.0,
        0.0,
        0.5610969645719075,
        0.0
    ]
}