{
    "cv_mean_score": 0.3295392673806193,
    "cv_std_score": 0.05133986765633882,
    "cv_scores_per_fold": [
        0.29348288980046544,
        0.41656794366072203,
        0.31765436001866915,
        0.29045187604262046
    ]
}