{
    "cv_mean_score": 0.4573411675741422,
    "cv_std_score": 0.060360532466967924,
    "cv_scores_per_fold": [
        0.4624818569483307,
        0.47659896323484063,
        0.5284445153580624,
        0.3618393347553353
    ]
}