{
    "cv_mean_score": 0.45859174335391817,
    "cv_std_score": 0.07367937337997156,
    "cv_scores_per_fold": [
        0.47138337303177613,
        0.47242846124399335,
        0.5477592392669679,
        0.34279589987293513
    ]
}