{
    "cv_mean_score": 0.48462343418139203,
    "cv_std_score": 0.06539883709273352,
    "cv_scores_per_fold": [
        0.4951759187182076,
        0.4973768653240023,
        0.5639716955194745,
        0.38196925716388375
    ]
}