{
    "cv_mean_score": 0.16421750932317786,
    "cv_std_score": 0.28443306964015985,
    "cv_scores_per_fold": [
        0.0,
        0.0,
        0.6568700372927114,
        0.0
    ]
}