{
    "cv_mean_score": 0.19264664262837786,
    "cv_std_score": 0.3336737729399148,
    "cv_scores_per_fold": [
        0.0,
        0.0,
        0.7705865705135114,
        0.0
    ]
}