{
    "cv_mean_score": 0.33783498259242734,
    "cv_std_score": 0.04610732281634879,
    "cv_scores_per_fold": [
        0.3207145617074651,
        0.41660379744381043,
        0.31427864724365784,
        0.29974292397477603
    ]
}