{
    "cv_mean_score": 0.38726376509150034,
    "cv_std_score": 0.07188737468013011,
    "cv_scores_per_fold": [
        0.4261102164428744,
        0.4369414793620297,
        0.263076740846915,
        0.4229266237141822
    ]
}