feature,importance
VSH,0.15652173091358978
KLOGH,0.15576784067863284
GR,0.1390613257294996
PHIF,0.1263260401506376
RHOB,0.12139773402493909
NPHI,0.11632434597848225
DT,0.1121467808143139
Lithology_3,0.03089499959355281
Lithology_0,0.02291843305990394
Lithology_4,0.009411345162962307
Lithology_2,0.009229423893485869
Lithology_1,0.0
