{
    "cv_mean_score": 0.354070890934481,
    "cv_std_score": 0.06142521831260695,
    "cv_scores_per_fold": [
        0.38806851358321515,
        0.2866073521460707,
        0.3043769019276593,
        0.43723079608097887
    ]
}