feature,importance
RHOB,0.3726009689688085
NPHI,0.31472506151340696
DT,0.31267396951778453
