feature,importance
VSH,0.3887768829015719
GR_Serration,0.2791931889084916
NPHI,0.2510087317941432
Lithology_0,0.07939003155639049
Lithology_4,0.0016311648394028038
