{
    "cv_mean_score": 0.3612301532594744,
    "cv_std_score": 0.060061769464142475,
    "cv_scores_per_fold": [
        0.40069958057816407,
        0.2750905240398221,
        0.33786011896257423,
        0.4312703894573371
    ]
}