{
    "cv_mean_score": 0.4569054679114766,
    "cv_std_score": 0.06985348849869208,
    "cv_scores_per_fold": [
        0.47075602315839793,
        0.4924184544086729,
        0.524002370227659,
        0.34044502385117675
    ]
}