{
    "cv_mean_score": 0.3095144075927055,
    "cv_std_score": 0.04918164662703352,
    "cv_scores_per_fold": [
        0.32472266240961495,
        0.2328340368221172,
        0.3113129754936643,
        0.36918795564542556
    ]
}