{
    "cv_mean_score": 0.32694912011136185,
    "cv_std_score": 0.044899546146742214,
    "cv_scores_per_fold": [
        0.3040972433440645,
        0.40432147971824256,
        0.29381754369521385,
        0.3055602136879266
    ]
}