{
    "cv_mean_score": 0.48145471065960826,
    "cv_std_score": 0.0586924390129804,
    "cv_scores_per_fold": [
        0.4859868661680871,
        0.506600241824401,
        0.5462587856362746,
        0.3869729490096702
    ]
}