{
    "cv_mean_score": 0.47303485999992306,
    "cv_std_score": 0.08421475287156442,
    "cv_scores_per_fold": [
        0.4827045153323256,
        0.5134781578220289,
        0.5606364541388112,
        0.33532031270652646
    ]
}