{
    "cv_mean_score": 0.15500006671309402,
    "cv_std_score": 0.26846799072364436,
    "cv_scores_per_fold": [
        0.0,
        0.0,
        0.6200002668523761,
        0.0
    ]
}