{
    "cv_mean_score": 0.13339046270039617,
    "cv_std_score": 0.23103905864220742,
    "cv_scores_per_fold": [
        0.0,
        0.0,
        0.5335618508015847,
        0.0
    ]
}