feature,importance
VSH,0.23564716387014364
RHOB,0.23409410667021882
GR,0.19016747512907567
NPHI,0.18242689548228688
DT,0.15766435884827507
