{
    "cv_mean_score": 0.36543718849380963,
    "cv_std_score": 0.04433434066437868,
    "cv_scores_per_fold": [
        0.4305008521085078,
        0.3121818212300183,
        0.3785462285288775,
        0.340519852107835
    ]
}