{
    "cv_mean_score": 0.3724030660136453,
    "cv_std_score": 0.04258746222962009,
    "cv_scores_per_fold": [
        0.4410072139918865,
        0.3569110925242518,
        0.3670340721842452,
        0.32465988535419776
    ]
}