{
    "cv_mean_score": 0.16221121674564062,
    "cv_std_score": 0.28095806896101705,
    "cv_scores_per_fold": [
        0.0,
        0.0,
        0.6488448669825625,
        0.0
    ]
}