{
    "cv_mean_score": 0.4512029367442197,
    "cv_std_score": 0.056104290482779394,
    "cv_scores_per_fold": [
        0.4459854333086822,
        0.4728558132248227,
        0.520314531534638,
        0.365655968908736
    ]
}