{
    "cv_mean_score": 0.157206945878431,
    "cv_std_score": 0.2722904175641732,
    "cv_scores_per_fold": [
        0.0,
        0.0,
        0.628827783513724,
        0.0
    ]
}