{
    "cv_mean_score": 0.4848425319513009,
    "cv_std_score": 0.06453522046315024,
    "cv_scores_per_fold": [
        0.4823308958975539,
        0.5191665763718103,
        0.5554485110625725,
        0.3824241444732669
    ]
}