{
    "cv_mean_score": 0.3689135368533345,
    "cv_std_score": 0.06316566894119459,
    "cv_scores_per_fold": [
        0.41154292716298624,
        0.30656064163052354,
        0.3078529721337064,
        0.4496976064861217
    ]
}