{
    "cv_mean_score": 0.16077788918173921,
    "cv_std_score": 0.2784754727964509,
    "cv_scores_per_fold": [
        0.0,
        0.0,
        0.6431115567269569,
        0.0
    ]
}