{
    "cv_mean_score": 0.4856468295624169,
    "cv_std_score": 0.06548280214035664,
    "cv_scores_per_fold": [
        0.4885956009052601,
        0.5062507667949704,
        0.5645385704959105,
        0.3832023800535268
    ]
}