{
    "cv_mean_score": 0.37021298762526583,
    "cv_std_score": 0.0806797237571536,
    "cv_scores_per_fold": [
        0.4292060750031339,
        0.3684850825005163,
        0.23932079856680555,
        0.4438399944306075
    ]
}