feature,importance
VSH,0.23481146069662667
RHOB,0.22751454018475706
GR,0.1968855334601317
DT,0.1714537539520016
NPHI,0.16933471170648282
