{
    "cv_mean_score": 0.35881652824512833,
    "cv_std_score": 0.05378199038298759,
    "cv_scores_per_fold": [
        0.4279150544847527,
        0.3580248900203315,
        0.3718958136926219,
        0.2774303547828071
    ]
}