{
    "cv_mean_score": 0.29841087077148676,
    "cv_std_score": 0.07843445836380845,
    "cv_scores_per_fold": [
        0.4233147205511451,
        0.2301962316657575,
        0.2330067521229911,
        0.3071257787460532
    ]
}