{
    "cv_mean_score": 0.4901517566879224,
    "cv_std_score": 0.058532165226956485,
    "cv_scores_per_fold": [
        0.49718760739934575,
        0.5147979547657907,
        0.5535106157589499,
        0.39511084882760333
    ]
}