{
    "cv_mean_score": 0.31426623531370684,
    "cv_std_score": 0.03817601841252243,
    "cv_scores_per_fold": [
        0.29479701346797693,
        0.37918409081765486,
        0.28145564528475264,
        0.30162819168444294
    ]
}