{
    "cv_mean_score": 0.1621790493624976,
    "cv_std_score": 0.2809023534190668,
    "cv_scores_per_fold": [
        0.0,
        0.0,
        0.6487161974499904,
        0.0
    ]
}