{
    "cv_mean_score": 0.14780932505512587,
    "cv_std_score": 0.25601326082794146,
    "cv_scores_per_fold": [
        0.0,
        0.0,
        0.5912373002205035,
        0.0
    ]
}