{
    "cv_mean_score": 0.4460512698831439,
    "cv_std_score": 0.02803353930994878,
    "cv_scores_per_fold": [
        0.44347659911711096,
        0.4730253882357834,
        0.4663447668693228,
        0.40135832531035864
    ]
}