{
    "cv_mean_score": 0.16056902424946531,
    "cv_std_score": 0.27811370812183306,
    "cv_scores_per_fold": [
        0.0,
        0.0,
        0.6422760969978613,
        0.0
    ]
}