{
    "cv_mean_score": 0.4867539097397014,
    "cv_std_score": 0.059272445220660136,
    "cv_scores_per_fold": [
        0.49709904244335645,
        0.5040275777533252,
        0.5543880192388558,
        0.39150099952326817
    ]
}