{
    "cv_mean_score": 0.3175895027044617,
    "cv_std_score": 0.0380519549683816,
    "cv_scores_per_fold": [
        0.2586777234056869,
        0.3576666159766836,
        0.3106107990454961,
        0.3434028723899803
    ]
}