feature,importance
RHOB,0.37634661283312537
NPHI,0.3137803797467944
DT,0.3098730074200803
