{
    "cv_mean_score": 0.15963505571331962,
    "cv_std_score": 0.27649602716455796,
    "cv_scores_per_fold": [
        0.0,
        0.0,
        0.6385402228532785,
        0.0
    ]
}