{
    "cv_mean_score": 0.1583875679287164,
    "cv_std_score": 0.2743353149398036,
    "cv_scores_per_fold": [
        0.0,
        0.0,
        0.6335502717148656,
        0.0
    ]
}