{
    "cv_mean_score": 0.4802457075032207,
    "cv_std_score": 0.060390173879070724,
    "cv_scores_per_fold": [
        0.47387164815242167,
        0.5085249734378484,
        0.5514746953751084,
        0.3871115130475045
    ]
}