{
    "cv_mean_score": 0.4505218034181442,
    "cv_std_score": 0.08163377202523381,
    "cv_scores_per_fold": [
        0.46193131192995884,
        0.49222356895377384,
        0.5320787768788845,
        0.3158535559099595
    ]
}