{
    "cv_mean_score": 0.3125414871189033,
    "cv_std_score": 0.06124113537273336,
    "cv_scores_per_fold": [
        0.2770599539711634,
        0.3693881678484438,
        0.23015400562675398,
        0.37356382102925195
    ]
}