{
    "cv_mean_score": 0.45854259654224633,
    "cv_std_score": 0.05709429392181704,
    "cv_scores_per_fold": [
        0.462903468454004,
        0.48651691076948933,
        0.5189082380904143,
        0.36584176885507763
    ]
}