feature,importance
VSH,0.281024896961477
BaseSharpness,0.1884914424301787
GR_Serration,0.17241948149475456
NPHI,0.15264998008744657
OppositionIndex,0.09754482540676893
Lithology_0,0.047029103296276874
Lithology_3,0.033350598873119544
NTG_Slope,0.02748967144997774
GR_Slope,0.0
