{
    "cv_mean_score": 0.39523260875967436,
    "cv_std_score": 0.07869523060423173,
    "cv_scores_per_fold": [
        0.45437311709949696,
        0.42904562915452465,
        0.2598439274397049,
        0.43766776134497093
    ]
}