{
    "cv_mean_score": 0.45795960617292236,
    "cv_std_score": 0.06514906024718133,
    "cv_scores_per_fold": [
        0.4662227515661785,
        0.48051741193247016,
        0.5317833743511075,
        0.3533148868419334
    ]
}