{
    "cv_mean_score": 0.31779521364932717,
    "cv_std_score": 0.05760416266647279,
    "cv_scores_per_fold": [
        0.40412887638528266,
        0.3087537446213424,
        0.24206362678687032,
        0.31623460680381327
    ]
}