{
    "cv_mean_score": 0.4567377979558205,
    "cv_std_score": 0.06502040624635379,
    "cv_scores_per_fold": [
        0.4699340492865053,
        0.47558850721292506,
        0.5297862514672143,
        0.3516423838566373
    ]
}