{
    "cv_mean_score": 0.2727652949865914,
    "cv_std_score": 0.05527587559164335,
    "cv_scores_per_fold": [
        0.29144242762655326,
        0.21769851665865028,
        0.22701326030820682,
        0.3549069753529553
    ]
}