{
    "cv_mean_score": 0.15987426426278617,
    "cv_std_score": 0.2769103485258389,
    "cv_scores_per_fold": [
        0.0,
        0.0,
        0.6394970570511447,
        0.0
    ]
}