{
    "cv_mean_score": 0.2609884232387717,
    "cv_std_score": 0.0712983249925913,
    "cv_scores_per_fold": [
        0.2820282305706501,
        0.3683868031821623,
        0.18940267823533014,
        0.20413598096694432
    ]
}