{
    "cv_mean_score": 0.325830906543226,
    "cv_std_score": 0.03791860672181847,
    "cv_scores_per_fold": [
        0.31779140386232546,
        0.3897305779843897,
        0.3025538911658238,
        0.29324775316036494
    ]
}