{
    "cv_mean_score": 0.47793918135659547,
    "cv_std_score": 0.06530758268251648,
    "cv_scores_per_fold": [
        0.4804263402804374,
        0.5113581049691358,
        0.5474295149856683,
        0.3725427651911404
    ]
}