{
    "cv_mean_score": 0.4882106889029702,
    "cv_std_score": 0.05442919554544921,
    "cv_scores_per_fold": [
        0.49314391591274254,
        0.5025728352673806,
        0.5541718165735705,
        0.4029541878581873
    ]
}