{
    "cv_mean_score": 0.15699725524522004,
    "cv_std_score": 0.2719272227335805,
    "cv_scores_per_fold": [
        0.0,
        0.0,
        0.6279890209808802,
        0.0
    ]
}