{
    "cv_mean_score": 0.15512033255692928,
    "cv_std_score": 0.2686762972755822,
    "cv_scores_per_fold": [
        0.0,
        0.0,
        0.6204813302277171,
        0.0
    ]
}