{
    "cv_mean_score": 0.4773211708981916,
    "cv_std_score": 0.05616522896134681,
    "cv_scores_per_fold": [
        0.4757510077682203,
        0.5030224346559697,
        0.5416230102128652,
        0.38888823095571123
    ]
}