{
    "cv_mean_score": 0.4549991331024276,
    "cv_std_score": 0.06090213762673963,
    "cv_scores_per_fold": [
        0.44692114328750665,
        0.48472116710064167,
        0.5268009451062774,
        0.3615532769152847
    ]
}