{
    "cv_mean_score": 0.45424892041582343,
    "cv_std_score": 0.022177950177075093,
    "cv_scores_per_fold": [
        0.4590103306074867,
        0.45536799438954656,
        0.48234279259184315,
        0.42027456407441754
    ]
}