{
    "cv_mean_score": 0.44581557779307796,
    "cv_std_score": 0.08273783172047983,
    "cv_scores_per_fold": [
        0.4731026808298782,
        0.4910264416393737,
        0.51436547170302,
        0.3047677170000401
    ]
}