{
    "cv_mean_score": 0.48175354590553143,
    "cv_std_score": 0.08198657873075876,
    "cv_scores_per_fold": [
        0.4894064182197303,
        0.5176616703830736,
        0.5708568973007878,
        0.34908919771853364
    ]
}