{
    "cv_mean_score": 0.48744676210625587,
    "cv_std_score": 0.06291201686786095,
    "cv_scores_per_fold": [
        0.4849123842220608,
        0.5135802330681678,
        0.5618558215551575,
        0.38943860957963733
    ]
}