{
    "cv_mean_score": 0.3787016211776114,
    "cv_std_score": 0.04897347668245161,
    "cv_scores_per_fold": [
        0.4418389876931607,
        0.35311069238898446,
        0.40601264850356034,
        0.31384415612474015
    ]
}