{
    "cv_mean_score": 0.29949415772320215,
    "cv_std_score": 0.053908754670816086,
    "cv_scores_per_fold": [
        0.2719113414765878,
        0.3429964949535662,
        0.22503389103077984,
        0.3580349034318748
    ]
}